run_id,timestamp_utc,train_dataset,model_type,seed,train_n,val_n,vocab_size,embed_dim,max_len,lstm_units,dropout,lr,batch_size,epochs,time_train_s,time_eval_s,time_total_s,tf,keras,gensim,numpy,pandas,sklearn,test_set,accuracy,auc,aod,test_n,oov_rate,pair_seed,order_in_pair,pair_order
c80d3fa5-ef8b-4f57-85db-7b376f466d67,2026-01-21T14:37:18Z,cassandra,ordinal,307833736,993,332,59,100,100,128,0.2,0.001,24,100,220.71491980552676,1.2643160820007324,232.7947962284088,1.15.0,2.3.1,3.8.3,1.21.6,1.3.5,0.24.2,test_internal,0.4939759036144578,0.7659784317329053,0.7095882892608643,332,0.0,307833736,0,ordinal > onehot
c80d3fa5-ef8b-4f57-85db-7b376f466d67,2026-01-21T14:37:18Z,cassandra,ordinal,307833736,993,332,59,100,100,128,0.2,0.001,24,100,220.71491980552676,1.2643160820007324,232.7947962284088,1.15.0,2.3.1,3.8.3,1.21.6,1.3.5,0.24.2,karaf,0.2904624277456647,0.6136148368480365,0.6206647157669067,692,0.0,307833736,0,ordinal > onehot
c80d3fa5-ef8b-4f57-85db-7b376f466d67,2026-01-21T14:37:18Z,cassandra,ordinal,307833736,993,332,59,100,100,128,0.2,0.001,24,100,220.71491980552676,1.2643160820007324,232.7947962284088,1.15.0,2.3.1,3.8.3,1.21.6,1.3.5,0.24.2,wicket,0.2600422832980972,0.6103398264073194,0.6090556383132935,473,3.0180023842218837e-05,307833736,0,ordinal > onehot
1a666bfc-ce7d-4c10-abdb-d0939b946d36,2026-01-21T14:40:57Z,cassandra,onehot,307833736,993,332,59,100,100,128,0.2,0.001,24,100,206.64541006088257,1.2696502208709717,219.02356481552124,1.15.0,2.3.1,3.8.3,1.21.6,1.3.5,0.24.2,test_internal,0.5331325301204819,0.7900479961259779,0.7120983600616455,332,0.0,307833736,1,ordinal > onehot
1a666bfc-ce7d-4c10-abdb-d0939b946d36,2026-01-21T14:40:57Z,cassandra,onehot,307833736,993,332,59,100,100,128,0.2,0.001,24,100,206.64541006088257,1.2696502208709717,219.02356481552124,1.15.0,2.3.1,3.8.3,1.21.6,1.3.5,0.24.2,karaf,0.2890173410404624,0.5907836813106556,0.5785163640975952,692,0.0,307833736,1,ordinal > onehot
1a666bfc-ce7d-4c10-abdb-d0939b946d36,2026-01-21T14:40:57Z,cassandra,onehot,307833736,993,332,59,100,100,128,0.2,0.001,24,100,206.64541006088257,1.2696502208709717,219.02356481552124,1.15.0,2.3.1,3.8.3,1.21.6,1.3.5,0.24.2,wicket,0.2177589852008456,0.6131334182375932,0.5653629302978516,473,3.0180023842218837e-05,307833736,1,ordinal > onehot
4d311888-4e8b-4158-b9f0-772fdca6cfad,2026-01-21T14:44:34Z,cassandra,onehot,548242837,993,332,59,100,100,128,0.2,0.001,24,100,204.03039741516116,1.301427125930786,216.50667810440063,1.15.0,2.3.1,3.8.3,1.21.6,1.3.5,0.24.2,test_internal,0.5301204819277109,0.7944990194047825,0.7025602459907532,332,0.0,548242837,0,onehot > ordinal
4d311888-4e8b-4158-b9f0-772fdca6cfad,2026-01-21T14:44:34Z,cassandra,onehot,548242837,993,332,59,100,100,128,0.2,0.001,24,100,204.03039741516116,1.301427125930786,216.50667810440063,1.15.0,2.3.1,3.8.3,1.21.6,1.3.5,0.24.2,karaf,0.2890173410404624,0.5689771471265408,0.6051300168037415,692,0.0,548242837,0,onehot > ordinal
4d311888-4e8b-4158-b9f0-772fdca6cfad,2026-01-21T14:44:34Z,cassandra,onehot,548242837,993,332,59,100,100,128,0.2,0.001,24,100,204.03039741516116,1.301427125930786,216.50667810440063,1.15.0,2.3.1,3.8.3,1.21.6,1.3.5,0.24.2,wicket,0.2071881606765327,0.5924851322804411,0.5755813717842102,473,3.0180023842218837e-05,548242837,0,onehot > ordinal
87edd28d-4ce3-4bb2-a1c2-1104b7c46c94,2026-01-21T14:48:36Z,cassandra,ordinal,548242837,993,332,59,100,100,128,0.2,0.001,24,100,229.98355412483212,1.4640703201293943,242.91090607643127,1.15.0,2.3.1,3.8.3,1.21.6,1.3.5,0.24.2,test_internal,0.4849397590361445,0.7773916914516131,0.7407128214836121,332,0.0,548242837,1,onehot > ordinal
87edd28d-4ce3-4bb2-a1c2-1104b7c46c94,2026-01-21T14:48:36Z,cassandra,ordinal,548242837,993,332,59,100,100,128,0.2,0.001,24,100,229.98355412483212,1.4640703201293943,242.91090607643127,1.15.0,2.3.1,3.8.3,1.21.6,1.3.5,0.24.2,karaf,0.338150289017341,0.6066761061114783,0.6629334688186646,692,0.0,548242837,1,onehot > ordinal
87edd28d-4ce3-4bb2-a1c2-1104b7c46c94,2026-01-21T14:48:36Z,cassandra,ordinal,548242837,993,332,59,100,100,128,0.2,0.001,24,100,229.98355412483212,1.4640703201293943,242.91090607643127,1.15.0,2.3.1,3.8.3,1.21.6,1.3.5,0.24.2,wicket,0.2494714587737843,0.5899891025776448,0.6236786246299744,473,3.0180023842218837e-05,548242837,1,onehot > ordinal
812839dc-2b1c-43ab-be7c-27f70a44594b,2026-01-21T14:52:49Z,cassandra,onehot,1537368600,993,332,59,100,100,128,0.2,0.001,24,100,239.16337704658508,1.5831317901611328,252.61655831336972,1.15.0,2.3.1,3.8.3,1.21.6,1.3.5,0.24.2,test_internal,0.5060240963855421,0.784372045404808,0.7359437346458435,332,0.0,1537368600,0,onehot > ordinal
812839dc-2b1c-43ab-be7c-27f70a44594b,2026-01-21T14:52:49Z,cassandra,onehot,1537368600,993,332,59,100,100,128,0.2,0.001,24,100,239.16337704658508,1.5831317901611328,252.61655831336972,1.15.0,2.3.1,3.8.3,1.21.6,1.3.5,0.24.2,karaf,0.3511560693641618,0.595832578867691,0.6404142379760742,692,0.0,1537368600,0,onehot > ordinal
812839dc-2b1c-43ab-be7c-27f70a44594b,2026-01-21T14:52:49Z,cassandra,onehot,1537368600,993,332,59,100,100,128,0.2,0.001,24,100,239.16337704658508,1.5831317901611328,252.61655831336972,1.15.0,2.3.1,3.8.3,1.21.6,1.3.5,0.24.2,wicket,0.2621564482029598,0.5859317516830549,0.5956658720970154,473,3.0180023842218837e-05,1537368600,0,onehot > ordinal
c71890c4-b567-40c7-90a9-abbd94306200,2026-01-21T15:08:00Z,cassandra,ordinal,1537368600,993,332,59,100,100,128,0.2,0.001,24,100,897.469827413559,3.7995588779449454,913.3707325458528,1.15.0,2.3.1,3.8.3,1.21.6,1.3.5,0.24.2,test_internal,0.4728915662650602,0.7630539261232989,0.7238955497741699,332,0.0,1537368600,1,onehot > ordinal
c71890c4-b567-40c7-90a9-abbd94306200,2026-01-21T15:08:00Z,cassandra,ordinal,1537368600,993,332,59,100,100,128,0.2,0.001,24,100,897.469827413559,3.7995588779449454,913.3707325458528,1.15.0,2.3.1,3.8.3,1.21.6,1.3.5,0.24.2,karaf,0.3106936416184971,0.6095587711428777,0.6241570115089417,692,0.0,1537368600,1,onehot > ordinal
c71890c4-b567-40c7-90a9-abbd94306200,2026-01-21T15:08:00Z,cassandra,ordinal,1537368600,993,332,59,100,100,128,0.2,0.001,24,100,897.469827413559,3.7995588779449454,913.3707325458528,1.15.0,2.3.1,3.8.3,1.21.6,1.3.5,0.24.2,wicket,0.2452431289640592,0.6149942017848653,0.6312543749809265,473,3.0180023842218837e-05,1537368600,1,onehot > ordinal
a7244585-0a61-45a3-a63d-622932c5c639,2026-01-21T15:15:07Z,cassandra,ordinal,1369745818,993,332,59,100,100,128,0.2,0.001,24,100,410.7428998947144,2.6593823432922363,425.7279906272888,1.15.0,2.3.1,3.8.3,1.21.6,1.3.5,0.24.2,test_internal,0.4849397590361445,0.7523094309632948,0.7281626462936401,332,0.0,1369745818,0,ordinal > onehot
a7244585-0a61-45a3-a63d-622932c5c639,2026-01-21T15:15:07Z,cassandra,ordinal,1369745818,993,332,59,100,100,128,0.2,0.001,24,100,410.7428998947144,2.6593823432922363,425.7279906272888,1.15.0,2.3.1,3.8.3,1.21.6,1.3.5,0.24.2,karaf,0.2890173410404624,0.6170352931930506,0.633188784122467,692,0.0,1369745818,0,ordinal > onehot
a7244585-0a61-45a3-a63d-622932c5c639,2026-01-21T15:15:07Z,cassandra,ordinal,1369745818,993,332,59,100,100,128,0.2,0.001,24,100,410.7428998947144,2.6593823432922363,425.7279906272888,1.15.0,2.3.1,3.8.3,1.21.6,1.3.5,0.24.2,wicket,0.2706131078224101,0.5726589817371993,0.6277308464050293,473,3.0180023842218837e-05,1369745818,0,ordinal > onehot
f8832bde-d642-410d-b903-bd7496e40e58,2026-01-21T15:27:15Z,cassandra,onehot,1369745818,993,332,59,100,100,128,0.2,0.001,24,100,712.6771235466003,3.7592408657073975,729.239501953125,1.15.0,2.3.1,3.8.3,1.21.6,1.3.5,0.24.2,test_internal,0.5060240963855421,0.764104898996246,0.6987951397895813,332,0.0,1369745818,1,ordinal > onehot
f8832bde-d642-410d-b903-bd7496e40e58,2026-01-21T15:27:15Z,cassandra,onehot,1369745818,993,332,59,100,100,128,0.2,0.001,24,100,712.6771235466003,3.7592408657073975,729.239501953125,1.15.0,2.3.1,3.8.3,1.21.6,1.3.5,0.24.2,karaf,0.2962427745664739,0.5936997144226057,0.6089836359024048,692,0.0,1369745818,1,ordinal > onehot
f8832bde-d642-410d-b903-bd7496e40e58,2026-01-21T15:27:15Z,cassandra,onehot,1369745818,993,332,59,100,100,128,0.2,0.001,24,100,712.6771235466003,3.7592408657073975,729.239501953125,1.15.0,2.3.1,3.8.3,1.21.6,1.3.5,0.24.2,wicket,0.2156448202959831,0.5831356558456869,0.6057082414627075,473,3.0180023842218837e-05,1369745818,1,ordinal > onehot
8d21b48a-03f3-4eae-b380-e8463e5c8b9e,2026-01-21T15:37:45Z,cassandra,ordinal,444464030,993,332,59,100,100,128,0.2,0.001,24,100,612.5791893005371,3.199362277984619,628.8448617458344,1.15.0,2.3.1,3.8.3,1.21.6,1.3.5,0.24.2,test_internal,0.4728915662650602,0.7631002115305452,0.7256525754928589,332,0.0,444464030,0,ordinal > onehot
8d21b48a-03f3-4eae-b380-e8463e5c8b9e,2026-01-21T15:37:45Z,cassandra,ordinal,444464030,993,332,59,100,100,128,0.2,0.001,24,100,612.5791893005371,3.199362277984619,628.8448617458344,1.15.0,2.3.1,3.8.3,1.21.6,1.3.5,0.24.2,karaf,0.3049132947976878,0.5920925634016362,0.6546242833137512,692,0.0,444464030,0,ordinal > onehot
8d21b48a-03f3-4eae-b380-e8463e5c8b9e,2026-01-21T15:37:45Z,cassandra,ordinal,444464030,993,332,59,100,100,128,0.2,0.001,24,100,612.5791893005371,3.199362277984619,628.8448617458344,1.15.0,2.3.1,3.8.3,1.21.6,1.3.5,0.24.2,wicket,0.2325581395348837,0.591696857795419,0.6175122857093811,473,3.0180023842218837e-05,444464030,0,ordinal > onehot
19a6c528-15cc-4144-87fa-466632b86035,2026-01-21T15:50:03Z,cassandra,onehot,444464030,993,332,59,100,100,128,0.2,0.001,24,100,722.2843225002289,3.743919849395752,739.3213698863983,1.15.0,2.3.1,3.8.3,1.21.6,1.3.5,0.24.2,test_internal,0.5301204819277109,0.780678927321703,0.6902610063552856,332,0.0,444464030,1,ordinal > onehot
19a6c528-15cc-4144-87fa-466632b86035,2026-01-21T15:50:03Z,cassandra,onehot,444464030,993,332,59,100,100,128,0.2,0.001,24,100,722.2843225002289,3.743919849395752,739.3213698863983,1.15.0,2.3.1,3.8.3,1.21.6,1.3.5,0.24.2,karaf,0.2572254335260115,0.5860407366417533,0.5404623746871948,692,0.0,444464030,1,ordinal > onehot
19a6c528-15cc-4144-87fa-466632b86035,2026-01-21T15:50:03Z,cassandra,onehot,444464030,993,332,59,100,100,128,0.2,0.001,24,100,722.2843225002289,3.743919849395752,739.3213698863983,1.15.0,2.3.1,3.8.3,1.21.6,1.3.5,0.24.2,wicket,0.2304439746300211,0.6040358058344335,0.5775193572044373,473,3.0180023842218837e-05,444464030,1,ordinal > onehot
0778c634-fdc9-41ae-93e6-6e1e32bf3a04,2026-01-21T16:13:40Z,cassandra,ordinal,1684771879,993,332,59,100,100,128,0.2,0.001,24,100,1399.4663195610046,5.627503871917725,1418.4545197486875,1.15.0,2.3.1,3.8.3,1.21.6,1.3.5,0.24.2,test_internal,0.4939759036144578,0.7795354584411115,0.7075802683830261,332,0.0,1684771879,0,ordinal > onehot
0778c634-fdc9-41ae-93e6-6e1e32bf3a04,2026-01-21T16:13:40Z,cassandra,ordinal,1684771879,993,332,59,100,100,128,0.2,0.001,24,100,1399.4663195610046,5.627503871917725,1418.4545197486875,1.15.0,2.3.1,3.8.3,1.21.6,1.3.5,0.24.2,karaf,0.2890173410404624,0.6309648618573881,0.6075385808944702,692,0.0,1684771879,0,ordinal > onehot
0778c634-fdc9-41ae-93e6-6e1e32bf3a04,2026-01-21T16:13:40Z,cassandra,ordinal,1684771879,993,332,59,100,100,128,0.2,0.001,24,100,1399.4663195610046,5.627503871917725,1418.4545197486875,1.15.0,2.3.1,3.8.3,1.21.6,1.3.5,0.24.2,wicket,0.281183932346723,0.6317760902509502,0.6226215362548828,473,3.0180023842218837e-05,1684771879,0,ordinal > onehot
1774b292-80ae-49c2-94b3-eb661b6fc40e,2026-01-21T16:29:01Z,cassandra,onehot,1684771879,993,332,59,100,100,128,0.2,0.001,24,100,901.6316702365876,4.502023696899414,920.1190595626832,1.15.0,2.3.1,3.8.3,1.21.6,1.3.5,0.24.2,test_internal,0.5301204819277109,0.7886079509286759,0.7156124114990234,332,0.0,1684771879,1,ordinal > onehot
1774b292-80ae-49c2-94b3-eb661b6fc40e,2026-01-21T16:29:01Z,cassandra,onehot,1684771879,993,332,59,100,100,128,0.2,0.001,24,100,901.6316702365876,4.502023696899414,920.1190595626832,1.15.0,2.3.1,3.8.3,1.21.6,1.3.5,0.24.2,karaf,0.2673410404624277,0.6067245971058978,0.5585259795188904,692,0.0,1684771879,1,ordinal > onehot
1774b292-80ae-49c2-94b3-eb661b6fc40e,2026-01-21T16:29:01Z,cassandra,onehot,1684771879,993,332,59,100,100,128,0.2,0.001,24,100,901.6316702365876,4.502023696899414,920.1190595626832,1.15.0,2.3.1,3.8.3,1.21.6,1.3.5,0.24.2,wicket,0.2304439746300211,0.6228077289683318,0.5787526369094849,473,3.0180023842218837e-05,1684771879,1,ordinal > onehot
8f5b316e-eaef-4e27-bee0-919a5bcbf1b6,2026-01-21T16:44:01Z,cassandra,ordinal,123112493,993,332,59,100,100,128,0.2,0.001,24,100,881.1974313259125,4.843379974365234,900.2664613723755,1.15.0,2.3.1,3.8.3,1.21.6,1.3.5,0.24.2,test_internal,0.4608433734939759,0.7399850349236395,0.6990461945533752,332,0.0,123112493,0,ordinal > onehot
8f5b316e-eaef-4e27-bee0-919a5bcbf1b6,2026-01-21T16:44:01Z,cassandra,ordinal,123112493,993,332,59,100,100,128,0.2,0.001,24,100,881.1974313259125,4.843379974365234,900.2664613723755,1.15.0,2.3.1,3.8.3,1.21.6,1.3.5,0.24.2,karaf,0.2803468208092485,0.6059721421831397,0.6139209866523743,692,0.0,123112493,0,ordinal > onehot
8f5b316e-eaef-4e27-bee0-919a5bcbf1b6,2026-01-21T16:44:01Z,cassandra,ordinal,123112493,993,332,59,100,100,128,0.2,0.001,24,100,881.1974313259125,4.843379974365234,900.2664613723755,1.15.0,2.3.1,3.8.3,1.21.6,1.3.5,0.24.2,wicket,0.2642706131078224,0.6277537038148886,0.6316067576408386,473,3.0180023842218837e-05,123112493,0,ordinal > onehot
6aa0b910-6817-455b-8326-4a7127df851f,2026-01-21T16:57:25Z,cassandra,onehot,123112493,993,332,59,100,100,128,0.2,0.001,24,100,784.3942859172821,4.3224499225616455,803.003250837326,1.15.0,2.3.1,3.8.3,1.21.6,1.3.5,0.24.2,test_internal,0.4789156626506024,0.7494278336236617,0.6782128214836121,332,0.0,123112493,1,ordinal > onehot
6aa0b910-6817-455b-8326-4a7127df851f,2026-01-21T16:57:25Z,cassandra,onehot,123112493,993,332,59,100,100,128,0.2,0.001,24,100,784.3942859172821,4.3224499225616455,803.003250837326,1.15.0,2.3.1,3.8.3,1.21.6,1.3.5,0.24.2,karaf,0.291907514450867,0.60574996020854,0.5738198161125183,692,0.0,123112493,1,ordinal > onehot
6aa0b910-6817-455b-8326-4a7127df851f,2026-01-21T16:57:25Z,cassandra,onehot,123112493,993,332,59,100,100,128,0.2,0.001,24,100,784.3942859172821,4.3224499225616455,803.003250837326,1.15.0,2.3.1,3.8.3,1.21.6,1.3.5,0.24.2,wicket,0.2452431289640592,0.6303554989020516,0.5556730031967163,473,3.0180023842218837e-05,123112493,1,ordinal > onehot
59a34890-92d2-4b2e-baad-ed780d8c3fd4,2026-01-21T17:18:08Z,cassandra,ordinal,307833736,993,332,59,100,100,128,0.2,0.001,24,100,219.0876588821411,1.2383675575256348,230.7298069000244,1.15.0,2.3.1,3.8.3,1.21.6,1.3.5,0.24.2,test_internal,0.466867469879518,0.7571207857043789,0.7028111815452576,332,0.0,307833736,0,ordinal > onehot
59a34890-92d2-4b2e-baad-ed780d8c3fd4,2026-01-21T17:18:08Z,cassandra,ordinal,307833736,993,332,59,100,100,128,0.2,0.001,24,100,219.0876588821411,1.2383675575256348,230.7298069000244,1.15.0,2.3.1,3.8.3,1.21.6,1.3.5,0.24.2,karaf,0.2861271676300578,0.6270410416088752,0.623073160648346,692,0.0,307833736,0,ordinal > onehot
59a34890-92d2-4b2e-baad-ed780d8c3fd4,2026-01-21T17:18:08Z,cassandra,ordinal,307833736,993,332,59,100,100,128,0.2,0.001,24,100,219.0876588821411,1.2383675575256348,230.7298069000244,1.15.0,2.3.1,3.8.3,1.21.6,1.3.5,0.24.2,wicket,0.2452431289640592,0.605650540018638,0.6058843731880188,473,3.0180023842218837e-05,307833736,0,ordinal > onehot
54d532a4-fd8a-46c5-a239-ed29286ca873,2026-01-21T17:21:56Z,cassandra,onehot,307833736,993,332,59,100,100,128,0.2,0.001,24,100,216.2576916217804,1.3956305980682373,228.31148481369016,1.15.0,2.3.1,3.8.3,1.21.6,1.3.5,0.24.2,test_internal,0.5331325301204819,0.7888120611025964,0.7108433246612549,332,0.0,307833736,1,ordinal > onehot
54d532a4-fd8a-46c5-a239-ed29286ca873,2026-01-21T17:21:56Z,cassandra,onehot,307833736,993,332,59,100,100,128,0.2,0.001,24,100,216.2576916217804,1.3956305980682373,228.31148481369016,1.15.0,2.3.1,3.8.3,1.21.6,1.3.5,0.24.2,karaf,0.2586705202312139,0.5983581237889521,0.5593689680099487,692,0.0,307833736,1,ordinal > onehot
54d532a4-fd8a-46c5-a239-ed29286ca873,2026-01-21T17:21:56Z,cassandra,onehot,307833736,993,332,59,100,100,128,0.2,0.001,24,100,216.2576916217804,1.3956305980682373,228.31148481369016,1.15.0,2.3.1,3.8.3,1.21.6,1.3.5,0.24.2,wicket,0.2029598308668076,0.5974347230687549,0.5547921061515808,473,3.0180023842218837e-05,307833736,1,ordinal > onehot
dfbeeb97-201b-47fb-bb1a-b32ec49454aa,2026-01-21T17:25:59Z,cassandra,onehot,548242837,993,332,59,100,100,128,0.2,0.001,24,100,229.7099690437317,1.7594692707061768,243.214718580246,1.15.0,2.3.1,3.8.3,1.21.6,1.3.5,0.24.2,test_internal,0.5331325301204819,0.79692230212464,0.7090862989425659,332,0.0,548242837,0,onehot > ordinal
dfbeeb97-201b-47fb-bb1a-b32ec49454aa,2026-01-21T17:25:59Z,cassandra,onehot,548242837,993,332,59,100,100,128,0.2,0.001,24,100,229.7099690437317,1.7594692707061768,243.214718580246,1.15.0,2.3.1,3.8.3,1.21.6,1.3.5,0.24.2,karaf,0.2716763005780346,0.5725016054626536,0.584778368473053,692,0.0,548242837,0,onehot > ordinal
dfbeeb97-201b-47fb-bb1a-b32ec49454aa,2026-01-21T17:25:59Z,cassandra,onehot,548242837,993,332,59,100,100,128,0.2,0.001,24,100,229.7099690437317,1.7594692707061768,243.214718580246,1.15.0,2.3.1,3.8.3,1.21.6,1.3.5,0.24.2,wicket,0.2050739957716701,0.5903065479516725,0.569767415523529,473,3.0180023842218837e-05,548242837,0,onehot > ordinal
07e0dbcd-d5c0-4517-a0c8-98ae951bcce3,2026-01-21T17:29:56Z,cassandra,ordinal,548242837,993,332,59,100,100,128,0.2,0.001,24,100,222.36905336380005,1.4505500793457031,237.2399332523346,1.15.0,2.3.1,3.8.3,1.21.6,1.3.5,0.24.2,test_internal,0.4789156626506024,0.7789443009110245,0.7306726574897766,332,0.0,548242837,1,onehot > ordinal
07e0dbcd-d5c0-4517-a0c8-98ae951bcce3,2026-01-21T17:29:56Z,cassandra,ordinal,548242837,993,332,59,100,100,128,0.2,0.001,24,100,222.36905336380005,1.4505500793457031,237.2399332523346,1.15.0,2.3.1,3.8.3,1.21.6,1.3.5,0.24.2,karaf,0.3338150289017341,0.6059179852085746,0.6531791687011719,692,0.0,548242837,1,onehot > ordinal
07e0dbcd-d5c0-4517-a0c8-98ae951bcce3,2026-01-21T17:29:56Z,cassandra,ordinal,548242837,993,332,59,100,100,128,0.2,0.001,24,100,222.36905336380005,1.4505500793457031,237.2399332523346,1.15.0,2.3.1,3.8.3,1.21.6,1.3.5,0.24.2,wicket,0.2219873150105708,0.5721155013720096,0.6035940647125244,473,3.0180023842218837e-05,548242837,1,onehot > ordinal
ef202c40-8fda-4eed-9c78-0348a406af9d,2026-01-21T17:34:27Z,cassandra,onehot,1537368600,993,332,59,100,100,128,0.2,0.001,24,100,257.29982447624207,1.597769260406494,270.5176889896393,1.15.0,2.3.1,3.8.3,1.21.6,1.3.5,0.24.2,test_internal,0.5210843373493976,0.7893633813972616,0.7462348937988281,332,0.0,1537368600,0,onehot > ordinal
ef202c40-8fda-4eed-9c78-0348a406af9d,2026-01-21T17:34:27Z,cassandra,onehot,1537368600,993,332,59,100,100,128,0.2,0.001,24,100,257.29982447624207,1.597769260406494,270.5176889896393,1.15.0,2.3.1,3.8.3,1.21.6,1.3.5,0.24.2,karaf,0.3338150289017341,0.5963357788519179,0.6246386766433716,692,0.0,1537368600,0,onehot > ordinal
ef202c40-8fda-4eed-9c78-0348a406af9d,2026-01-21T17:34:27Z,cassandra,onehot,1537368600,993,332,59,100,100,128,0.2,0.001,24,100,257.29982447624207,1.597769260406494,270.5176889896393,1.15.0,2.3.1,3.8.3,1.21.6,1.3.5,0.24.2,wicket,0.2727272727272727,0.609329239287222,0.6187455654144287,473,3.0180023842218837e-05,1537368600,0,onehot > ordinal
586b4cb9-e147-42fd-9bbc-c78ab5b25732,2026-01-21T17:47:08Z,cassandra,ordinal,1537368600,993,332,59,100,100,128,0.2,0.001,24,100,748.193629026413,3.964900493621826,764.0912239551544,1.15.0,2.3.1,3.8.3,1.21.6,1.3.5,0.24.2,test_internal,0.4487951807228915,0.7474164414229091,0.7090862989425659,332,0.0,1537368600,1,onehot > ordinal
586b4cb9-e147-42fd-9bbc-c78ab5b25732,2026-01-21T17:47:08Z,cassandra,ordinal,1537368600,993,332,59,100,100,128,0.2,0.001,24,100,748.193629026413,3.964900493621826,764.0912239551544,1.15.0,2.3.1,3.8.3,1.21.6,1.3.5,0.24.2,karaf,0.3208092485549133,0.6143129520797113,0.637283205986023,692,0.0,1537368600,1,onehot > ordinal
586b4cb9-e147-42fd-9bbc-c78ab5b25732,2026-01-21T17:47:08Z,cassandra,ordinal,1537368600,993,332,59,100,100,128,0.2,0.001,24,100,748.193629026413,3.964900493621826,764.0912239551544,1.15.0,2.3.1,3.8.3,1.21.6,1.3.5,0.24.2,wicket,0.2536997885835095,0.6139920560071005,0.6319590210914612,473,3.0180023842218837e-05,1537368600,1,onehot > ordinal
06682994-98e4-4cb1-8f9f-58d478494277,2026-01-21T17:54:07Z,cassandra,ordinal,1369745818,993,332,59,100,100,128,0.2,0.001,24,100,402.171614408493,2.535531520843506,416.89740681648254,1.15.0,2.3.1,3.8.3,1.21.6,1.3.5,0.24.2,test_internal,0.463855421686747,0.7551564508758624,0.7254015803337097,332,0.0,1369745818,0,ordinal > onehot
06682994-98e4-4cb1-8f9f-58d478494277,2026-01-21T17:54:07Z,cassandra,ordinal,1369745818,993,332,59,100,100,128,0.2,0.001,24,100,402.171614408493,2.535531520843506,416.89740681648254,1.15.0,2.3.1,3.8.3,1.21.6,1.3.5,0.24.2,karaf,0.2933526011560693,0.6200692032923167,0.6407755017280579,692,0.0,1369745818,0,ordinal > onehot
06682994-98e4-4cb1-8f9f-58d478494277,2026-01-21T17:54:07Z,cassandra,ordinal,1369745818,993,332,59,100,100,128,0.2,0.001,24,100,402.171614408493,2.535531520843506,416.89740681648254,1.15.0,2.3.1,3.8.3,1.21.6,1.3.5,0.24.2,wicket,0.266384778012685,0.5735435472341388,0.6402396559715271,473,3.0180023842218837e-05,1369745818,0,ordinal > onehot
c47951be-50e6-49da-8708-07f01c53e364,2026-01-21T18:05:29Z,cassandra,onehot,1369745818,993,332,59,100,100,128,0.2,0.001,24,100,666.9841589927673,3.605404853820801,683.186616897583,1.15.0,2.3.1,3.8.3,1.21.6,1.3.5,0.24.2,test_internal,0.4849397590361445,0.7602179271338991,0.6922690868377686,332,0.0,1369745818,1,ordinal > onehot
c47951be-50e6-49da-8708-07f01c53e364,2026-01-21T18:05:29Z,cassandra,onehot,1369745818,993,332,59,100,100,128,0.2,0.001,24,100,666.9841589927673,3.605404853820801,683.186616897583,1.15.0,2.3.1,3.8.3,1.21.6,1.3.5,0.24.2,karaf,0.2904624277456647,0.5955351426922426,0.6134392619132996,692,0.0,1369745818,1,ordinal > onehot
c47951be-50e6-49da-8708-07f01c53e364,2026-01-21T18:05:29Z,cassandra,onehot,1369745818,993,332,59,100,100,128,0.2,0.001,24,100,666.9841589927673,3.605404853820801,683.186616897583,1.15.0,2.3.1,3.8.3,1.21.6,1.3.5,0.24.2,wicket,0.2304439746300211,0.5858758787862866,0.6168076395988464,473,3.0180023842218837e-05,1369745818,1,ordinal > onehot
67fb31d4-7f45-4b24-a5c7-fcd72134468e,2026-01-21T18:18:03Z,cassandra,ordinal,444464030,993,332,59,100,100,128,0.2,0.001,24,100,737.693873167038,4.064078569412232,754.5841581821442,1.15.0,2.3.1,3.8.3,1.21.6,1.3.5,0.24.2,test_internal,0.4698795180722891,0.7628427220370481,0.7264056205749512,332,0.0,444464030,0,ordinal > onehot
67fb31d4-7f45-4b24-a5c7-fcd72134468e,2026-01-21T18:18:03Z,cassandra,ordinal,444464030,993,332,59,100,100,128,0.2,0.001,24,100,737.693873167038,4.064078569412232,754.5841581821442,1.15.0,2.3.1,3.8.3,1.21.6,1.3.5,0.24.2,karaf,0.3063583815028902,0.5925895144761953,0.650288999080658,692,0.0,444464030,0,ordinal > onehot
67fb31d4-7f45-4b24-a5c7-fcd72134468e,2026-01-21T18:18:03Z,cassandra,ordinal,444464030,993,332,59,100,100,128,0.2,0.001,24,100,737.693873167038,4.064078569412232,754.5841581821442,1.15.0,2.3.1,3.8.3,1.21.6,1.3.5,0.24.2,wicket,0.241014799154334,0.5825754795302043,0.6314305067062378,473,3.0180023842218837e-05,444464030,0,ordinal > onehot
96c12865-f976-4df2-8560-55702437e07f,2026-01-21T18:29:26Z,cassandra,onehot,444464030,993,332,59,100,100,128,0.2,0.001,24,100,665.478189945221,3.649258375167847,682.5978562831879,1.15.0,2.3.1,3.8.3,1.21.6,1.3.5,0.24.2,test_internal,0.5271084337349398,0.7897976656467313,0.6905120611190796,332,0.0,444464030,1,ordinal > onehot
96c12865-f976-4df2-8560-55702437e07f,2026-01-21T18:29:26Z,cassandra,onehot,444464030,993,332,59,100,100,128,0.2,0.001,24,100,665.478189945221,3.649258375167847,682.5978562831879,1.15.0,2.3.1,3.8.3,1.21.6,1.3.5,0.24.2,karaf,0.2658959537572254,0.577300637085213,0.5463631749153137,692,0.0,444464030,1,ordinal > onehot
96c12865-f976-4df2-8560-55702437e07f,2026-01-21T18:29:26Z,cassandra,onehot,444464030,993,332,59,100,100,128,0.2,0.001,24,100,665.478189945221,3.649258375167847,682.5978562831879,1.15.0,2.3.1,3.8.3,1.21.6,1.3.5,0.24.2,wicket,0.2431289640591966,0.5997487944553261,0.587913990020752,473,3.0180023842218837e-05,444464030,1,ordinal > onehot
14ed1719-b0d3-48fa-ba3e-0df9033941e2,2026-01-21T18:42:26Z,cassandra,ordinal,1684771879,993,332,59,100,100,128,0.2,0.001,24,100,762.7352192401886,3.6458818912506095,779.9454667568207,1.15.0,2.3.1,3.8.3,1.21.6,1.3.5,0.24.2,test_internal,0.5240963855421686,0.7802325374908723,0.7314257025718689,332,0.0,1684771879,0,ordinal > onehot
14ed1719-b0d3-48fa-ba3e-0df9033941e2,2026-01-21T18:42:26Z,cassandra,ordinal,1684771879,993,332,59,100,100,128,0.2,0.001,24,100,762.7352192401886,3.6458818912506095,779.9454667568207,1.15.0,2.3.1,3.8.3,1.21.6,1.3.5,0.24.2,karaf,0.3164739884393063,0.6415726295918548,0.634393036365509,692,0.0,1684771879,0,ordinal > onehot
14ed1719-b0d3-48fa-ba3e-0df9033941e2,2026-01-21T18:42:26Z,cassandra,ordinal,1684771879,993,332,59,100,100,128,0.2,0.001,24,100,762.7352192401886,3.6458818912506095,779.9454667568207,1.15.0,2.3.1,3.8.3,1.21.6,1.3.5,0.24.2,wicket,0.2896405919661733,0.6323818591249463,0.6391825079917908,473,3.0180023842218837e-05,1684771879,0,ordinal > onehot
6bb924f3-d692-46d2-ab33-1b7436a173e3,2026-01-21T18:55:56Z,cassandra,onehot,1684771879,993,332,59,100,100,128,0.2,0.001,24,100,793.0462896823883,4.15916109085083,810.7283833026886,1.15.0,2.3.1,3.8.3,1.21.6,1.3.5,0.24.2,test_internal,0.5271084337349398,0.7913892361595719,0.7231425046920776,332,0.0,1684771879,1,ordinal > onehot
6bb924f3-d692-46d2-ab33-1b7436a173e3,2026-01-21T18:55:56Z,cassandra,onehot,1684771879,993,332,59,100,100,128,0.2,0.001,24,100,793.0462896823883,4.15916109085083,810.7283833026886,1.15.0,2.3.1,3.8.3,1.21.6,1.3.5,0.24.2,karaf,0.2832369942196532,0.6025003599554396,0.5762282609939575,692,0.0,1684771879,1,ordinal > onehot
6bb924f3-d692-46d2-ab33-1b7436a173e3,2026-01-21T18:55:56Z,cassandra,onehot,1684771879,993,332,59,100,100,128,0.2,0.001,24,100,793.0462896823883,4.15916109085083,810.7283833026886,1.15.0,2.3.1,3.8.3,1.21.6,1.3.5,0.24.2,wicket,0.2367864693446088,0.6246621500234723,0.580866813659668,473,3.0180023842218837e-05,1684771879,1,ordinal > onehot
4e1cee5f-4ec8-4256-aeeb-991bfabe0da5,2026-01-21T19:12:30Z,cassandra,ordinal,123112493,993,332,59,100,100,128,0.2,0.001,24,100,975.6273150444032,4.7863075733184814,994.449211359024,1.15.0,2.3.1,3.8.3,1.21.6,1.3.5,0.24.2,test_internal,0.4548192771084337,0.7407651576384315,0.7018072009086609,332,0.0,123112493,0,ordinal > onehot
4e1cee5f-4ec8-4256-aeeb-991bfabe0da5,2026-01-21T19:12:30Z,cassandra,ordinal,123112493,993,332,59,100,100,128,0.2,0.001,24,100,975.6273150444032,4.7863075733184814,994.449211359024,1.15.0,2.3.1,3.8.3,1.21.6,1.3.5,0.24.2,karaf,0.3092485549132948,0.6113386947541075,0.6421001553535461,692,0.0,123112493,0,ordinal > onehot
4e1cee5f-4ec8-4256-aeeb-991bfabe0da5,2026-01-21T19:12:30Z,cassandra,ordinal,123112493,993,332,59,100,100,128,0.2,0.001,24,100,975.6273150444032,4.7863075733184814,994.449211359024,1.15.0,2.3.1,3.8.3,1.21.6,1.3.5,0.24.2,wicket,0.2536997885835095,0.6368542670588317,0.6407681703567505,473,3.0180023842218837e-05,123112493,0,ordinal > onehot
406adaf0-3110-4084-ae54-7d3d51e40ecb,2026-01-21T19:25:48Z,cassandra,onehot,123112493,993,332,59,100,100,128,0.2,0.001,24,100,779.0647439956665,4.091800451278687,797.4987871646881,1.15.0,2.3.1,3.8.3,1.21.6,1.3.5,0.24.2,test_internal,0.4698795180722891,0.7447648839089958,0.6593875288963318,332,0.0,123112493,1,ordinal > onehot
406adaf0-3110-4084-ae54-7d3d51e40ecb,2026-01-21T19:25:48Z,cassandra,onehot,123112493,993,332,59,100,100,128,0.2,0.001,24,100,779.0647439956665,4.091800451278687,797.4987871646881,1.15.0,2.3.1,3.8.3,1.21.6,1.3.5,0.24.2,karaf,0.2846820809248555,0.613836906949858,0.5611752867698669,692,0.0,123112493,1,ordinal > onehot
406adaf0-3110-4084-ae54-7d3d51e40ecb,2026-01-21T19:25:48Z,cassandra,onehot,123112493,993,332,59,100,100,128,0.2,0.001,24,100,779.0647439956665,4.091800451278687,797.4987871646881,1.15.0,2.3.1,3.8.3,1.21.6,1.3.5,0.24.2,wicket,0.2473572938689217,0.6243407791695408,0.5505637526512146,473,3.0180023842218837e-05,123112493,1,ordinal > onehot
3db5badd-0f00-42de-83b7-e4aabc95e2b6,2026-01-21T19:55:30Z,cassandra,onehot,1303377710,993,332,59,100,100,128,0.2,0.001,24,100,1762.948398590088,8.466652393341064,1786.3020513057709,1.15.0,2.3.1,3.8.3,1.21.6,1.3.5,0.24.2,test_internal,0.5301204819277109,0.7893822914284734,0.7161144614219666,332,0.0,1303377710,0,onehot > ordinal
3db5badd-0f00-42de-83b7-e4aabc95e2b6,2026-01-21T19:55:30Z,cassandra,onehot,1303377710,993,332,59,100,100,128,0.2,0.001,24,100,1762.948398590088,8.466652393341064,1786.3020513057709,1.15.0,2.3.1,3.8.3,1.21.6,1.3.5,0.24.2,karaf,0.2976878612716763,0.5736752638657012,0.5809248685836792,692,0.0,1303377710,0,onehot > ordinal
3db5badd-0f00-42de-83b7-e4aabc95e2b6,2026-01-21T19:55:30Z,cassandra,onehot,1303377710,993,332,59,100,100,128,0.2,0.001,24,100,1762.948398590088,8.466652393341064,1786.3020513057709,1.15.0,2.3.1,3.8.3,1.21.6,1.3.5,0.24.2,wicket,0.2621564482029598,0.6216238001683289,0.5984848141670227,473,3.0180023842218837e-05,1303377710,0,onehot > ordinal
52172dc6-202b-4152-9f1c-b65ea2761232,2026-01-21T20:17:25Z,cassandra,ordinal,1303377710,993,332,59,100,100,128,0.2,0.001,24,100,1290.4194593429563,6.303849220275879,1312.1562881469729,1.15.0,2.3.1,3.8.3,1.21.6,1.3.5,0.24.2,test_internal,0.4849397590361445,0.7879671533632779,0.7331827282905579,332,0.0,1303377710,1,onehot > ordinal
52172dc6-202b-4152-9f1c-b65ea2761232,2026-01-21T20:17:25Z,cassandra,ordinal,1303377710,993,332,59,100,100,128,0.2,0.001,24,100,1290.4194593429563,6.303849220275879,1312.1562881469729,1.15.0,2.3.1,3.8.3,1.21.6,1.3.5,0.24.2,karaf,0.3179190751445087,0.5979037084793837,0.6218689680099487,692,0.0,1303377710,1,onehot > ordinal
52172dc6-202b-4152-9f1c-b65ea2761232,2026-01-21T20:17:25Z,cassandra,ordinal,1303377710,993,332,59,100,100,128,0.2,0.001,24,100,1290.4194593429563,6.303849220275879,1312.1562881469729,1.15.0,2.3.1,3.8.3,1.21.6,1.3.5,0.24.2,wicket,0.2558139534883721,0.6131068112029708,0.6400634050369263,473,3.0180023842218837e-05,1303377710,1,onehot > ordinal
95a79a37-9c9c-489e-9b0d-4f494904b14c,2026-01-21T20:38:22Z,cassandra,onehot,847329710,993,332,59,100,100,128,0.2,0.001,24,100,1235.0057384967804,5.927879571914673,1256.4364573955536,1.15.0,2.3.1,3.8.3,1.21.6,1.3.5,0.24.2,test_internal,0.5391566265060241,0.7969131083340617,0.6885039806365967,332,0.0,847329710,0,onehot > ordinal
95a79a37-9c9c-489e-9b0d-4f494904b14c,2026-01-21T20:38:22Z,cassandra,onehot,847329710,993,332,59,100,100,128,0.2,0.001,24,100,1235.0057384967804,5.927879571914673,1256.4364573955536,1.15.0,2.3.1,3.8.3,1.21.6,1.3.5,0.24.2,karaf,0.245664739884393,0.5956847926590845,0.5285404324531555,692,0.0,847329710,0,onehot > ordinal
95a79a37-9c9c-489e-9b0d-4f494904b14c,2026-01-21T20:38:22Z,cassandra,onehot,847329710,993,332,59,100,100,128,0.2,0.001,24,100,1235.0057384967804,5.927879571914673,1256.4364573955536,1.15.0,2.3.1,3.8.3,1.21.6,1.3.5,0.24.2,wicket,0.226215644820296,0.5972714706532913,0.5618393421173096,473,3.0180023842218837e-05,847329710,0,onehot > ordinal
0812e833-f07a-4e63-9928-0c5afebe3860,2026-01-21T21:08:59Z,cassandra,ordinal,847329710,993,332,59,100,100,128,0.2,0.001,24,100,1815.131444454193,8.426669359207153,1839.405995845795,1.15.0,2.3.1,3.8.3,1.21.6,1.3.5,0.24.2,test_internal,0.5210843373493976,0.7849567234155137,0.7545180916786194,332,0.0,847329710,1,onehot > ordinal
0812e833-f07a-4e63-9928-0c5afebe3860,2026-01-21T21:08:59Z,cassandra,ordinal,847329710,993,332,59,100,100,128,0.2,0.001,24,100,1815.131444454193,8.426669359207153,1839.405995845795,1.15.0,2.3.1,3.8.3,1.21.6,1.3.5,0.24.2,karaf,0.3121387283236994,0.6219706553196352,0.6439065337181091,692,0.0,847329710,1,onehot > ordinal
0812e833-f07a-4e63-9928-0c5afebe3860,2026-01-21T21:08:59Z,cassandra,ordinal,847329710,993,332,59,100,100,128,0.2,0.001,24,100,1815.131444454193,8.426669359207153,1839.405995845795,1.15.0,2.3.1,3.8.3,1.21.6,1.3.5,0.24.2,wicket,0.241014799154334,0.5893318098907432,0.6238547563552856,473,3.0180023842218837e-05,847329710,1,onehot > ordinal
35e5b751-25ae-42de-a3b5-6df2495dd2ee,2026-01-21T21:31:30Z,cassandra,ordinal,233967667,993,332,59,100,100,128,0.2,0.001,24,100,1326.3202676773071,7.0498127937316895,1349.8051438331604,1.15.0,2.3.1,3.8.3,1.21.6,1.3.5,0.24.2,test_internal,0.5,0.7702617499272906,0.7304216623306274,332,0.0,233967667,0,ordinal > onehot
35e5b751-25ae-42de-a3b5-6df2495dd2ee,2026-01-21T21:31:30Z,cassandra,ordinal,233967667,993,332,59,100,100,128,0.2,0.001,24,100,1326.3202676773071,7.0498127937316895,1349.8051438331604,1.15.0,2.3.1,3.8.3,1.21.6,1.3.5,0.24.2,karaf,0.273121387283237,0.6198421372887708,0.6123554706573486,692,0.0,233967667,0,ordinal > onehot
35e5b751-25ae-42de-a3b5-6df2495dd2ee,2026-01-21T21:31:30Z,cassandra,ordinal,233967667,993,332,59,100,100,128,0.2,0.001,24,100,1326.3202676773071,7.0498127937316895,1349.8051438331604,1.15.0,2.3.1,3.8.3,1.21.6,1.3.5,0.24.2,wicket,0.2452431289640592,0.5980509522283125,0.6106412410736084,473,3.0180023842218837e-05,233967667,0,ordinal > onehot
c07577ae-04ff-4a83-a93e-8fcbba30b236,2026-01-21T21:56:15Z,cassandra,onehot,233967667,993,332,59,100,100,128,0.2,0.001,24,100,1461.961593389511,6.614144563674927,1484.918375492096,1.15.0,2.3.1,3.8.3,1.21.6,1.3.5,0.24.2,test_internal,0.4909638554216867,0.7718617581950823,0.6774598360061646,332,0.0,233967667,1,ordinal > onehot
c07577ae-04ff-4a83-a93e-8fcbba30b236,2026-01-21T21:56:15Z,cassandra,onehot,233967667,993,332,59,100,100,128,0.2,0.001,24,100,1461.961593389511,6.614144563674927,1484.918375492096,1.15.0,2.3.1,3.8.3,1.21.6,1.3.5,0.24.2,karaf,0.2601156069364161,0.5963789308899761,0.5466040372848511,692,0.0,233967667,1,ordinal > onehot
c07577ae-04ff-4a83-a93e-8fcbba30b236,2026-01-21T21:56:15Z,cassandra,onehot,233967667,993,332,59,100,100,128,0.2,0.001,24,100,1461.961593389511,6.614144563674927,1484.918375492096,1.15.0,2.3.1,3.8.3,1.21.6,1.3.5,0.24.2,wicket,0.2114164904862579,0.6143488420053141,0.569591224193573,473,3.0180023842218837e-05,233967667,1,ordinal > onehot
2126ad6a-c6ae-431e-94f0-bce8754bfb18,2026-01-21T22:30:12Z,cassandra,ordinal,411383475,993,332,59,100,100,128,0.2,0.001,24,100,2013.0289289951324,9.251731157302856,2039.3745317459104,1.15.0,2.3.1,3.8.3,1.21.6,1.3.5,0.24.2,test_internal,0.4819277108433735,0.763859825505327,0.7286646962165833,332,0.0,411383475,0,ordinal > onehot
2126ad6a-c6ae-431e-94f0-bce8754bfb18,2026-01-21T22:30:12Z,cassandra,ordinal,411383475,993,332,59,100,100,128,0.2,0.001,24,100,2013.0289289951324,9.251731157302856,2039.3745317459104,1.15.0,2.3.1,3.8.3,1.21.6,1.3.5,0.24.2,karaf,0.2933526011560693,0.6368573446824431,0.6389691829681396,692,0.0,411383475,0,ordinal > onehot
2126ad6a-c6ae-431e-94f0-bce8754bfb18,2026-01-21T22:30:12Z,cassandra,ordinal,411383475,993,332,59,100,100,128,0.2,0.001,24,100,2013.0289289951324,9.251731157302856,2039.3745317459104,1.15.0,2.3.1,3.8.3,1.21.6,1.3.5,0.24.2,wicket,0.2431289640591966,0.594559442496355,0.6157505512237549,473,3.0180023842218837e-05,411383475,0,ordinal > onehot
fd259c1b-1eb7-4a5e-8240-5899e09f4722,2026-01-21T22:56:10Z,cassandra,onehot,411383475,993,332,59,100,100,128,0.2,0.001,24,100,1531.1222319602966,7.932920217514038,1556.2578330039978,1.15.0,2.3.1,3.8.3,1.21.6,1.3.5,0.24.2,test_internal,0.5030120481927711,0.781883268175773,0.7093373537063599,332,0.0,411383475,1,ordinal > onehot
fd259c1b-1eb7-4a5e-8240-5899e09f4722,2026-01-21T22:56:10Z,cassandra,onehot,411383475,993,332,59,100,100,128,0.2,0.001,24,100,1531.1222319602966,7.932920217514038,1556.2578330039978,1.15.0,2.3.1,3.8.3,1.21.6,1.3.5,0.24.2,karaf,0.3208092485549133,0.5946553357910715,0.6124758720397949,692,0.0,411383475,1,ordinal > onehot
fd259c1b-1eb7-4a5e-8240-5899e09f4722,2026-01-21T22:56:10Z,cassandra,onehot,411383475,993,332,59,100,100,128,0.2,0.001,24,100,1531.1222319602966,7.932920217514038,1556.2578330039978,1.15.0,2.3.1,3.8.3,1.21.6,1.3.5,0.24.2,wicket,0.2706131078224101,0.5766826232334387,0.603065550327301,473,3.0180023842218837e-05,411383475,1,ordinal > onehot
08451aa2-0242-4702-ad6b-e3ca76067ce8,2026-01-21T23:22:06Z,cassandra,ordinal,1757885371,993,332,59,100,100,128,0.2,0.001,24,100,1529.996263742447,7.579163551330566,1555.374296426773,1.15.0,2.3.1,3.8.3,1.21.6,1.3.5,0.24.2,test_internal,0.466867469879518,0.7569577143976131,0.7085843086242676,332,0.0,1757885371,0,ordinal > onehot
08451aa2-0242-4702-ad6b-e3ca76067ce8,2026-01-21T23:22:06Z,cassandra,ordinal,1757885371,993,332,59,100,100,128,0.2,0.001,24,100,1529.996263742447,7.579163551330566,1555.374296426773,1.15.0,2.3.1,3.8.3,1.21.6,1.3.5,0.24.2,karaf,0.2658959537572254,0.6082190337412701,0.5862234234809875,692,0.0,1757885371,0,ordinal > onehot
08451aa2-0242-4702-ad6b-e3ca76067ce8,2026-01-21T23:22:06Z,cassandra,ordinal,1757885371,993,332,59,100,100,128,0.2,0.001,24,100,1529.996263742447,7.579163551330566,1555.374296426773,1.15.0,2.3.1,3.8.3,1.21.6,1.3.5,0.24.2,wicket,0.2346723044397463,0.5853280637122869,0.5912614464759827,473,3.0180023842218837e-05,1757885371,0,ordinal > onehot
91d78fb1-c93a-45a8-b1b9-0229e58a3767,2026-01-21T23:38:24Z,cassandra,onehot,446844309,993,332,59,100,100,128,0.2,0.001,24,100,437.69227153980427,4.337616550049488,457.07925258904595,1.15.0,2.3.1,3.8.3,1.21.6,1.3.5,0.24.2,test_internal,0.5045711003860701,0.7857868796843452,0.6838094101828089,332,0.0,446844309,0,onehot > ordinal
91d78fb1-c93a-45a8-b1b9-0229e58a3767,2026-01-21T23:38:24Z,cassandra,onehot,446844309,993,332,59,100,100,128,0.2,0.001,24,100,437.69227153980427,4.337616550049488,457.07925258904595,1.15.0,2.3.1,3.8.3,1.21.6,1.3.5,0.24.2,karaf,0.27001272557340744,0.582513275304022,0.5829615979405968,692,0.0,446844309,0,onehot > ordinal
91d78fb1-c93a-45a8-b1b9-0229e58a3767,2026-01-21T23:38:24Z,cassandra,onehot,446844309,993,332,59,100,100,128,0.2,0.001,24,100,437.69227153980427,4.337616550049488,457.07925258904595,1.15.0,2.3.1,3.8.3,1.21.6,1.3.5,0.24.2,wicket,0.24438343316013936,0.5666826232334387,0.5792900175654632,473,3e-05,446844309,0,onehot > ordinal
5727a8f1-8a6f-45ef-9a6e-131b87d30ddc,2026-01-21T23:42:03Z,cassandra,ordinal,446844309,993,332,59,100,100,128,0.2,0.001,24,100,603.3518607600693,7.544157552766361,624.7267588794859,1.15.0,2.3.1,3.8.3,1.21.6,1.3.5,0.24.2,test_internal,0.49601946537912817,0.7535090564682354,0.7236916805096809,332,0.0,446844309,1,onehot > ordinal
5727a8f1-8a6f-45ef-9a6e-131b87d30ddc,2026-01-21T23:42:03Z,cassandra,ordinal,446844309,993,332,59,100,100,128,0.2,0.001,24,100,603.3518607600693,7.544157552766361,624.7267588794859,1.15.0,2.3.1,3.8.3,1.21.6,1.3.5,0.24.2,karaf,0.31785692683859335,0.627780668910013,0.6317000692447573,692,0.0,446844309,1,onehot > ordinal
5727a8f1-8a6f-45ef-9a6e-131b87d30ddc,2026-01-21T23:42:03Z,cassandra,ordinal,446844309,993,332,59,100,100,128,0.2,0.001,24,100,603.3518607600693,7.544157552766361,624.7267588794859,1.15.0,2.3.1,3.8.3,1.21.6,1.3.5,0.24.2,wicket,0.27735939871491716,0.5621155013720096,0.6125375281532375,473,3e-05,446844309,1,onehot > ordinal
32c66076-6c5c-4c62-8584-eb4ca10195f8,2026-01-21T23:46:04Z,cassandra,ordinal,1860853478,993,332,59,100,100,128,0.2,0.001,24,100,404.64366070286394,6.698209251597055,421.57258887800504,1.15.0,2.3.1,3.8.3,1.21.6,1.3.5,0.24.2,test_internal,0.4777189203579811,0.7777176303313865,0.7004565405146118,332,0.0,1860853478,0,ordinal > onehot
32c66076-6c5c-4c62-8584-eb4ca10195f8,2026-01-21T23:46:04Z,cassandra,ordinal,1860853478,993,332,59,100,100,128,0.2,0.001,24,100,404.64366070286394,6.698209251597055,421.57258887800504,1.15.0,2.3.1,3.8.3,1.21.6,1.3.5,0.24.2,karaf,0.3193860575961345,0.592809186222727,0.6124501796982479,692,0.0,1860853478,0,ordinal > onehot
32c66076-6c5c-4c62-8584-eb4ca10195f8,2026-01-21T23:46:04Z,cassandra,ordinal,1860853478,993,332,59,100,100,128,0.2,0.001,24,100,404.64366070286394,6.698209251597055,421.57258887800504,1.15.0,2.3.1,3.8.3,1.21.6,1.3.5,0.24.2,wicket,0.27673203500136817,0.618738831105762,0.622393738592375,473,3e-05,1860853478,0,ordinal > onehot
754a6754-1e43-434f-81bd-9061434cc24f,2026-01-21T23:57:25Z,cassandra,onehot,1860853478,993,332,59,100,100,128,0.2,0.001,24,100,515.7882804550886,2.8907913652198456,531.2151921962,1.15.0,2.3.1,3.8.3,1.21.6,1.3.5,0.24.2,test_internal,0.5217375782816274,0.800112061518968,0.7134373598709851,332,0.0,1860853478,1,ordinal > onehot
754a6754-1e43-434f-81bd-9061434cc24f,2026-01-21T23:57:25Z,cassandra,onehot,1860853478,993,332,59,100,100,128,0.2,0.001,24,100,515.7882804550886,2.8907913652198456,531.2151921962,1.15.0,2.3.1,3.8.3,1.21.6,1.3.5,0.24.2,karaf,0.29521521548437585,0.5882498943977765,0.6141584572907903,692,0.0,1860853478,1,ordinal > onehot
754a6754-1e43-434f-81bd-9061434cc24f,2026-01-21T23:57:25Z,cassandra,onehot,1860853478,993,332,59,100,100,128,0.2,0.001,24,100,515.7882804550886,2.8907913652198456,531.2151921962,1.15.0,2.3.1,3.8.3,1.21.6,1.3.5,0.24.2,wicket,0.22725971471830766,0.6100236389365153,0.5977174572795757,473,3e-05,1860853478,1,ordinal > onehot
5d4b4184-8a22-4a55-9728-5b32a9ebb769,2026-01-22T00:10:37Z,cassandra,onehot,1584978165,993,332,59,100,100,128,0.2,0.001,24,100,932.9707150964223,1.2696502208709717,949.9045092698643,1.15.0,2.3.1,3.8.3,1.21.6,1.3.5,0.24.2,test_internal,0.47727654627677735,0.7614289515820096,0.7230380332642078,332,0.0,1584978165,0,onehot > ordinal
5d4b4184-8a22-4a55-9728-5b32a9ebb769,2026-01-22T00:10:37Z,cassandra,onehot,1584978165,993,332,59,100,100,128,0.2,0.001,24,100,932.9707150964223,1.2696502208709717,949.9045092698643,1.15.0,2.3.1,3.8.3,1.21.6,1.3.5,0.24.2,karaf,0.27602762881750553,0.5982959117221504,0.6053716643471467,692,0.0,1584978165,0,onehot > ordinal
5d4b4184-8a22-4a55-9728-5b32a9ebb769,2026-01-22T00:10:37Z,cassandra,onehot,1584978165,993,332,59,100,100,128,0.2,0.001,24,100,932.9707150964223,1.2696502208709717,949.9045092698643,1.15.0,2.3.1,3.8.3,1.21.6,1.3.5,0.24.2,wicket,0.22630967527154405,0.6178251136274583,0.5405637526512146,473,3e-05,1584978165,0,onehot > ordinal
6c3852df-1500-4570-b80a-78c0b5ffab34,2026-01-22T00:25:54Z,cassandra,ordinal,1584978165,993,332,59,100,100,128,0.2,0.001,24,100,1120.0729742886388,1.546141396377008,1135.7025320633727,1.15.0,2.3.1,3.8.3,1.21.6,1.3.5,0.24.2,test_internal,0.4867282187415276,0.7576621766520365,0.7053712859044575,332,0.0,1584978165,1,onehot > ordinal
6c3852df-1500-4570-b80a-78c0b5ffab34,2026-01-22T00:25:54Z,cassandra,ordinal,1584978165,993,332,59,100,100,128,0.2,0.001,24,100,1120.0729742886388,1.546141396377008,1135.7025320633727,1.15.0,2.3.1,3.8.3,1.21.6,1.3.5,0.24.2,karaf,0.2806810358658981,0.6084602985852101,0.6220528848847598,692,0.0,1584978165,1,onehot > ordinal
6c3852df-1500-4570-b80a-78c0b5ffab34,2026-01-22T00:25:54Z,cassandra,ordinal,1584978165,993,332,59,100,100,128,0.2,0.001,24,100,1120.0729742886388,1.546141396377008,1135.7025320633727,1.15.0,2.3.1,3.8.3,1.21.6,1.3.5,0.24.2,wicket,0.23950567570394063,0.5845021034944781,0.6439748100023367,473,3e-05,1584978165,1,onehot > ordinal
81ca0ef1-d2e9-4775-afb9-57e444ad1e07,2026-01-22T00:31:12Z,cassandra,onehot,1323343727,993,332,59,100,100,128,0.2,0.001,24,100,371.7899422380578,5.409967538370293,392.0611204694794,1.15.0,2.3.1,3.8.3,1.21.6,1.3.5,0.24.2,test_internal,0.5018798864985751,0.7905770455438863,0.6991864411506631,332,0.0,1323343727,0,onehot > ordinal
81ca0ef1-d2e9-4775-afb9-57e444ad1e07,2026-01-22T00:31:12Z,cassandra,onehot,1323343727,993,332,59,100,100,128,0.2,0.001,24,100,371.7899422380578,5.409967538370293,392.0611204694794,1.15.0,2.3.1,3.8.3,1.21.6,1.3.5,0.24.2,karaf,0.25643094510191555,0.5966235965977793,0.5673316734718061,692,0.0,1323343727,0,onehot > ordinal
81ca0ef1-d2e9-4775-afb9-57e444ad1e07,2026-01-22T00:31:12Z,cassandra,onehot,1323343727,993,332,59,100,100,128,0.2,0.001,24,100,371.7899422380578,5.409967538370293,392.0611204694794,1.15.0,2.3.1,3.8.3,1.21.6,1.3.5,0.24.2,wicket,0.21146960116470614,0.5917347315749245,0.5882067949291442,473,3e-05,1323343727,0,onehot > ordinal
c670679d-a1ad-4dd9-aba3-8151bd0b3ca5,2026-01-22T00:44:31Z,cassandra,ordinal,1323343727,993,332,59,100,100,128,0.2,0.001,24,100,561.7895844851305,1.2383675575256348,575.9464961812316,1.15.0,2.3.1,3.8.3,1.21.6,1.3.5,0.24.2,test_internal,0.4811307733398753,0.7689864057499901,0.690570989850801,332,0.0,1323343727,1,onehot > ordinal
c670679d-a1ad-4dd9-aba3-8151bd0b3ca5,2026-01-22T00:44:31Z,cassandra,ordinal,1323343727,993,332,59,100,100,128,0.2,0.001,24,100,561.7895844851305,1.2383675575256348,575.9464961812316,1.15.0,2.3.1,3.8.3,1.21.6,1.3.5,0.24.2,karaf,0.2914256369519599,0.6197676138049886,0.6265244393837732,692,0.0,1323343727,1,onehot > ordinal
c670679d-a1ad-4dd9-aba3-8151bd0b3ca5,2026-01-22T00:44:31Z,cassandra,ordinal,1323343727,993,332,59,100,100,128,0.2,0.001,24,100,561.7895844851305,1.2383675575256348,575.9464961812316,1.15.0,2.3.1,3.8.3,1.21.6,1.3.5,0.24.2,wicket,0.24317208244580965,0.6338519192386941,0.6410694009664111,473,3e-05,1323343727,1,onehot > ordinal
29e21a65-228f-4699-a28e-43954c824024,2026-01-22T00:51:31Z,cassandra,ordinal,864587292,993,332,59,100,100,128,0.2,0.001,24,100,1217.3487001641658,7.292375943930069,1240.1669582471911,1.15.0,2.3.1,3.8.3,1.21.6,1.3.5,0.24.2,test_internal,0.4966022407998909,0.7568082535474594,0.7207262161097127,332,0.0,864587292,0,ordinal > onehot
29e21a65-228f-4699-a28e-43954c824024,2026-01-22T00:51:31Z,cassandra,ordinal,864587292,993,332,59,100,100,128,0.2,0.001,24,100,1217.3487001641658,7.292375943930069,1240.1669582471911,1.15.0,2.3.1,3.8.3,1.21.6,1.3.5,0.24.2,karaf,0.29559903330273446,0.6305770092359553,0.6428803940888829,692,0.0,864587292,0,ordinal > onehot
29e21a65-228f-4699-a28e-43954c824024,2026-01-22T00:51:31Z,cassandra,ordinal,864587292,993,332,59,100,100,128,0.2,0.001,24,100,1217.3487001641658,7.292375943930069,1240.1669582471911,1.15.0,2.3.1,3.8.3,1.21.6,1.3.5,0.24.2,wicket,0.2604384200836118,0.6387671848012493,0.6217664894669338,473,3e-05,864587292,0,ordinal > onehot
90f178e8-64db-4d49-a4a4-d394c352ea8b,2026-01-22T00:55:56Z,cassandra,onehot,864587292,993,332,59,100,100,128,0.2,0.001,24,100,1036.0568158423912,1.9895535379998806,1050.3557092254634,1.15.0,2.3.1,3.8.3,1.21.6,1.3.5,0.24.2,test_internal,0.4992883717464572,0.7919096586305524,0.6897278300026245,332,0.0,864587292,1,ordinal > onehot
90f178e8-64db-4d49-a4a4-d394c352ea8b,2026-01-22T00:55:56Z,cassandra,onehot,864587292,993,332,59,100,100,128,0.2,0.001,24,100,1036.0568158423912,1.9895535379998806,1050.3557092254634,1.15.0,2.3.1,3.8.3,1.21.6,1.3.5,0.24.2,karaf,0.30164035985603704,0.5870266716464648,0.6045928873840265,692,0.0,864587292,1,ordinal > onehot
90f178e8-64db-4d49-a4a4-d394c352ea8b,2026-01-22T00:55:56Z,cassandra,onehot,864587292,993,332,59,100,100,128,0.2,0.001,24,100,1036.0568158423912,1.9895535379998806,1050.3557092254634,1.15.0,2.3.1,3.8.3,1.21.6,1.3.5,0.24.2,wicket,0.19678855480198507,0.5838930644495973,0.5690984303724904,473,3e-05,864587292,1,ordinal > onehot
dc13f373-53f5-4311-a979-c9ab0ba42dcf,2026-01-22T01:01:51Z,cassandra,onehot,1136315325,993,332,59,100,100,128,0.2,0.001,24,100,1509.9209561675555,5.0221103658596125,1528.786047076552,1.15.0,2.3.1,3.8.3,1.21.6,1.3.5,0.24.2,test_internal,0.5210511824799147,0.7748001489945816,0.703030865107037,332,0.0,1136315325,0,onehot > ordinal
dc13f373-53f5-4311-a979-c9ab0ba42dcf,2026-01-22T01:01:51Z,cassandra,onehot,1136315325,993,332,59,100,100,128,0.2,0.001,24,100,1509.9209561675555,5.0221103658596125,1528.786047076552,1.15.0,2.3.1,3.8.3,1.21.6,1.3.5,0.24.2,karaf,0.2868784871364491,0.5948842607232574,0.6243086034107576,692,0.0,1136315325,0,onehot > ordinal
dc13f373-53f5-4311-a979-c9ab0ba42dcf,2026-01-22T01:01:51Z,cassandra,onehot,1136315325,993,332,59,100,100,128,0.2,0.001,24,100,1509.9209561675555,5.0221103658596125,1528.786047076552,1.15.0,2.3.1,3.8.3,1.21.6,1.3.5,0.24.2,wicket,0.2502679827814202,0.620325433055335,0.5698512819076014,473,3e-05,1136315325,0,onehot > ordinal
e367d13b-acb1-497d-9cbb-44e6d7b133f2,2026-01-22T01:16:47Z,cassandra,ordinal,1136315325,993,332,59,100,100,128,0.2,0.001,24,100,1018.3031261410307,2.5887940646423013,1032.5547003288546,1.15.0,2.3.1,3.8.3,1.21.6,1.3.5,0.24.2,test_internal,0.4687869557060135,0.7724656794593242,0.7320444602364679,332,0.0,1136315325,1,onehot > ordinal
e367d13b-acb1-497d-9cbb-44e6d7b133f2,2026-01-22T01:16:47Z,cassandra,ordinal,1136315325,993,332,59,100,100,128,0.2,0.001,24,100,1018.3031261410307,2.5887940646423013,1032.5547003288546,1.15.0,2.3.1,3.8.3,1.21.6,1.3.5,0.24.2,karaf,0.32278016840435797,0.5982941672877679,0.6058025493870083,692,0.0,1136315325,1,onehot > ordinal
e367d13b-acb1-497d-9cbb-44e6d7b133f2,2026-01-22T01:16:47Z,cassandra,ordinal,1136315325,993,332,59,100,100,128,0.2,0.001,24,100,1018.3031261410307,2.5887940646423013,1032.5547003288546,1.15.0,2.3.1,3.8.3,1.21.6,1.3.5,0.24.2,wicket,0.25082264071376964,0.5918196502225282,0.6204586510106063,473,3e-05,1136315325,1,onehot > ordinal
a776c140-7fd2-4b0e-a463-8ddab30cd865,2026-01-22T01:20:31Z,cassandra,onehot,942486977,993,332,59,100,100,128,0.2,0.001,24,100,628.1117102900956,3.7462769228446673,645.9810671248131,1.15.0,2.3.1,3.8.3,1.21.6,1.3.5,0.24.2,test_internal,0.5191185401735556,0.7799643644395896,0.6896443416872597,332,0.0,942486977,0,onehot > ordinal
a776c140-7fd2-4b0e-a463-8ddab30cd865,2026-01-22T01:20:31Z,cassandra,onehot,942486977,993,332,59,100,100,128,0.2,0.001,24,100,628.1117102900956,3.7462769228446673,645.9810671248131,1.15.0,2.3.1,3.8.3,1.21.6,1.3.5,0.24.2,karaf,0.30924329744055046,0.6127654860791254,0.557186213376603,692,0.0,942486977,0,onehot > ordinal
a776c140-7fd2-4b0e-a463-8ddab30cd865,2026-01-22T01:20:31Z,cassandra,onehot,942486977,993,332,59,100,100,128,0.2,0.001,24,100,628.1117102900956,3.7462769228446673,645.9810671248131,1.15.0,2.3.1,3.8.3,1.21.6,1.3.5,0.24.2,wicket,0.2245084838696526,0.5782327081539558,0.5685751513925451,473,3e-05,942486977,0,onehot > ordinal
70f8fddb-3cff-4f47-93dd-ca596b1188b8,2026-01-22T01:54:04Z,cassandra,ordinal,942486977,993,332,59,100,100,128,0.2,0.001,24,100,238.29205527415795,5.097743438112741,260.0717722702436,1.15.0,2.3.1,3.8.3,1.21.6,1.3.5,0.24.2,test_internal,0.4892566696266312,0.7587031996641563,0.7050148808874718,332,0.0,942486977,1,onehot > ordinal
70f8fddb-3cff-4f47-93dd-ca596b1188b8,2026-01-22T01:54:04Z,cassandra,ordinal,942486977,993,332,59,100,100,128,0.2,0.001,24,100,238.29205527415795,5.097743438112741,260.0717722702436,1.15.0,2.3.1,3.8.3,1.21.6,1.3.5,0.24.2,karaf,0.2852358229376321,0.601130862586143,0.6250865325229027,692,0.0,942486977,1,onehot > ordinal
70f8fddb-3cff-4f47-93dd-ca596b1188b8,2026-01-22T01:54:04Z,cassandra,ordinal,942486977,993,332,59,100,100,128,0.2,0.001,24,100,238.29205527415795,5.097743438112741,260.0717722702436,1.15.0,2.3.1,3.8.3,1.21.6,1.3.5,0.24.2,wicket,0.23548142504796413,0.6075669993983531,0.6077032349679578,473,3e-05,942486977,1,onehot > ordinal
bc4360f3-d732-4a03-85f7-895ed285e6ec,2026-01-22T02:20:46Z,cassandra,onehot,955873151,993,332,59,100,100,128,0.2,0.001,24,100,225.9688461181179,1.2696502208709717,239.04515776615168,1.15.0,2.3.1,3.8.3,1.21.6,1.3.5,0.24.2,test_internal,0.5329632275082785,0.7746729117855029,0.6840741851044115,332,0.0,955873151,0,onehot > ordinal
bc4360f3-d732-4a03-85f7-895ed285e6ec,2026-01-22T02:20:46Z,cassandra,onehot,955873151,993,332,59,100,100,128,0.2,0.001,24,100,225.9688461181179,1.2696502208709717,239.04515776615168,1.15.0,2.3.1,3.8.3,1.21.6,1.3.5,0.24.2,karaf,0.27117124143298876,0.6041746010731526,0.5874223169281014,692,0.0,955873151,0,onehot > ordinal
bc4360f3-d732-4a03-85f7-895ed285e6ec,2026-01-22T02:20:46Z,cassandra,onehot,955873151,993,332,59,100,100,128,0.2,0.001,24,100,225.9688461181179,1.2696502208709717,239.04515776615168,1.15.0,2.3.1,3.8.3,1.21.6,1.3.5,0.24.2,wicket,0.22012464236904944,0.6346477371714773,0.5765759823095182,473,3e-05,955873151,0,onehot > ordinal
a87bd7b8-451d-4fa8-b9c8-7705a8e0d2f9,2026-01-22T02:54:56Z,cassandra,ordinal,955873151,993,332,59,100,100,128,0.2,0.001,24,100,166.6100853450943,7.055787552416859,187.96554208816661,1.15.0,2.3.1,3.8.3,1.21.6,1.3.5,0.24.2,test_internal,0.4874015874918667,0.7805501713505586,0.7344512684384789,332,0.0,955873151,1,onehot > ordinal
a87bd7b8-451d-4fa8-b9c8-7705a8e0d2f9,2026-01-22T02:54:56Z,cassandra,ordinal,955873151,993,332,59,100,100,128,0.2,0.001,24,100,166.6100853450943,7.055787552416859,187.96554208816661,1.15.0,2.3.1,3.8.3,1.21.6,1.3.5,0.24.2,karaf,0.25856410205062585,0.6014019814727003,0.6729334688186646,692,0.0,955873151,1,onehot > ordinal
a87bd7b8-451d-4fa8-b9c8-7705a8e0d2f9,2026-01-22T02:54:56Z,cassandra,ordinal,955873151,993,332,59,100,100,128,0.2,0.001,24,100,166.6100853450943,7.055787552416859,187.96554208816661,1.15.0,2.3.1,3.8.3,1.21.6,1.3.5,0.24.2,wicket,0.25335760700365084,0.5977483606460265,0.6361318152995196,473,3e-05,955873151,1,onehot > ordinal
4ef58a90-9847-4ac0-8450-9221844f29d9,2026-01-22T03:11:48Z,cassandra,ordinal,531753571,993,332,59,100,100,128,0.2,0.001,24,100,1143.8296224398832,9.105086024019606,1164.088909277774,1.15.0,2.3.1,3.8.3,1.21.6,1.3.5,0.24.2,test_internal,0.4455617474346217,0.7517136606887314,0.7185792063385591,332,0.0,531753571,0,ordinal > onehot
4ef58a90-9847-4ac0-8450-9221844f29d9,2026-01-22T03:11:48Z,cassandra,ordinal,531753571,993,332,59,100,100,128,0.2,0.001,24,100,1143.8296224398832,9.105086024019606,1164.088909277774,1.15.0,2.3.1,3.8.3,1.21.6,1.3.5,0.24.2,karaf,0.27494807117589776,0.6201408310397102,0.6180621307167209,692,0.0,531753571,0,ordinal > onehot
4ef58a90-9847-4ac0-8450-9221844f29d9,2026-01-22T03:11:48Z,cassandra,ordinal,531753571,993,332,59,100,100,128,0.2,0.001,24,100,1143.8296224398832,9.105086024019606,1164.088909277774,1.15.0,2.3.1,3.8.3,1.21.6,1.3.5,0.24.2,wicket,0.2720993995172229,0.5852081504991861,0.6507681703567505,473,3e-05,531753571,0,ordinal > onehot
efb9eda1-f899-4fa4-a73b-f71ed420d149,2026-01-22T03:35:44Z,cassandra,onehot,531753571,993,332,59,100,100,128,0.2,0.001,24,100,716.4993342582451,5.697817115572345,734.982590143668,1.15.0,2.3.1,3.8.3,1.21.6,1.3.5,0.24.2,test_internal,0.5109257682006931,0.7922262439636242,0.7115374386140183,332,0.0,531753571,1,ordinal > onehot
efb9eda1-f899-4fa4-a73b-f71ed420d149,2026-01-22T03:35:44Z,cassandra,onehot,531753571,993,332,59,100,100,128,0.2,0.001,24,100,716.4993342582451,5.697817115572345,734.982590143668,1.15.0,2.3.1,3.8.3,1.21.6,1.3.5,0.24.2,karaf,0.30284494140583096,0.5878819744997011,0.5647554713537096,692,0.0,531753571,1,ordinal > onehot
efb9eda1-f899-4fa4-a73b-f71ed420d149,2026-01-22T03:35:44Z,cassandra,onehot,531753571,993,332,59,100,100,128,0.2,0.001,24,100,716.4993342582451,5.697817115572345,734.982590143668,1.15.0,2.3.1,3.8.3,1.21.6,1.3.5,0.24.2,wicket,0.24358652901380734,0.6092715515636368,0.592863311280144,473,3e-05,531753571,1,ordinal > onehot
3db0c724-ee21-40fd-bcd9-1b692a074419,2026-01-22T03:49:52Z,cassandra,ordinal,275058236,993,332,59,100,100,128,0.2,0.001,24,100,233.14497780826918,4.677128624400451,252.46859888266027,1.15.0,2.3.1,3.8.3,1.21.6,1.3.5,0.24.2,test_internal,0.48460902591499966,0.7527298114739543,0.718649989483434,332,0.0,275058236,0,ordinal > onehot
3db0c724-ee21-40fd-bcd9-1b692a074419,2026-01-22T03:49:52Z,cassandra,ordinal,275058236,993,332,59,100,100,128,0.2,0.001,24,100,233.14497780826918,4.677128624400451,252.46859888266027,1.15.0,2.3.1,3.8.3,1.21.6,1.3.5,0.24.2,karaf,0.31639999423987336,0.6173738997702292,0.633129745297668,692,0.0,275058236,0,ordinal > onehot
3db0c724-ee21-40fd-bcd9-1b692a074419,2026-01-22T03:49:52Z,cassandra,ordinal,275058236,993,332,59,100,100,128,0.2,0.001,24,100,233.14497780826918,4.677128624400451,252.46859888266027,1.15.0,2.3.1,3.8.3,1.21.6,1.3.5,0.24.2,wicket,0.23545134811683668,0.6108316294274427,0.596177641720686,473,3e-05,275058236,0,ordinal > onehot
a784810a-3d5c-41b5-88ce-24349840fc61,2026-01-22T04:03:17Z,cassandra,onehot,275058236,993,332,59,100,100,128,0.2,0.001,24,100,155.09852709251038,2.6072053482785873,169.6357053654993,1.15.0,2.3.1,3.8.3,1.21.6,1.3.5,0.24.2,test_internal,0.5491566265060241,0.7777560871755282,0.6944527136844917,332,0.0,275058236,1,ordinal > onehot
a784810a-3d5c-41b5-88ce-24349840fc61,2026-01-22T04:03:17Z,cassandra,onehot,275058236,993,332,59,100,100,128,0.2,0.001,24,100,155.09852709251038,2.6072053482785873,169.6357053654993,1.15.0,2.3.1,3.8.3,1.21.6,1.3.5,0.24.2,karaf,0.2887677454158857,0.6134317212487368,0.5411471406243962,692,0.0,275058236,1,ordinal > onehot
a784810a-3d5c-41b5-88ce-24349840fc61,2026-01-22T04:03:17Z,cassandra,onehot,275058236,993,332,59,100,100,128,0.2,0.001,24,100,155.09852709251038,2.6072053482785873,169.6357053654993,1.15.0,2.3.1,3.8.3,1.21.6,1.3.5,0.24.2,wicket,0.24291834122788705,0.6353500885667536,0.5743893432520008,473,3e-05,275058236,1,ordinal > onehot
c805c79d-d2a4-42f3-8fc1-bf1132c8e276,2026-01-22T04:07:04Z,cassandra,ordinal,1153711095,993,332,59,100,100,128,0.2,0.001,24,100,780.8797261852388,7.031053046260958,801.0233105129388,1.15.0,2.3.1,3.8.3,1.21.6,1.3.5,0.24.2,test_internal,0.44363504476072996,0.7819300090007812,0.7425933744619546,332,0.0,1153711095,0,ordinal > onehot
c805c79d-d2a4-42f3-8fc1-bf1132c8e276,2026-01-22T04:07:04Z,cassandra,ordinal,1153711095,993,332,59,100,100,128,0.2,0.001,24,100,780.8797261852388,7.031053046260958,801.0233105129388,1.15.0,2.3.1,3.8.3,1.21.6,1.3.5,0.24.2,karaf,0.3452436348659542,0.6062277411429955,0.6132552519937687,692,0.0,1153711095,0,ordinal > onehot
c805c79d-d2a4-42f3-8fc1-bf1132c8e276,2026-01-22T04:07:04Z,cassandra,ordinal,1153711095,993,332,59,100,100,128,0.2,0.001,24,100,780.8797261852388,7.031053046260958,801.0233105129388,1.15.0,2.3.1,3.8.3,1.21.6,1.3.5,0.24.2,wicket,0.2517406926629273,0.6177154178766447,0.6096746661512095,473,3e-05,1153711095,0,ordinal > onehot
85c2ad1a-0e86-465a-bb1d-24c7c0e79cab,2026-01-22T04:20:28Z,cassandra,onehot,1153711095,993,332,59,100,100,128,0.2,0.001,24,100,1470.2658570378453,2.5098428210562256,1484.346510243692,1.15.0,2.3.1,3.8.3,1.21.6,1.3.5,0.24.2,test_internal,0.49734845202387595,0.7816333192179737,0.7086361303029485,332,0.0,1153711095,1,ordinal > onehot
85c2ad1a-0e86-465a-bb1d-24c7c0e79cab,2026-01-22T04:20:28Z,cassandra,onehot,1153711095,993,332,59,100,100,128,0.2,0.001,24,100,1470.2658570378453,2.5098428210562256,1484.346510243692,1.15.0,2.3.1,3.8.3,1.21.6,1.3.5,0.24.2,karaf,0.2509059454174029,0.6001403637908608,0.6238002613767355,692,0.0,1153711095,1,ordinal > onehot
85c2ad1a-0e86-465a-bb1d-24c7c0e79cab,2026-01-22T04:20:28Z,cassandra,onehot,1153711095,993,332,59,100,100,128,0.2,0.001,24,100,1470.2658570378453,2.5098428210562256,1484.346510243692,1.15.0,2.3.1,3.8.3,1.21.6,1.3.5,0.24.2,wicket,0.2285297967837244,0.5911755565456078,0.5599549076135872,473,3e-05,1153711095,1,ordinal > onehot
bd9065c4-97ea-444b-a909-9d95f19c5e95,2026-01-22T04:24:20Z,cassandra,onehot,221252786,993,332,59,100,100,128,0.2,0.001,24,100,765.4345648639282,3.7073837364274556,782.551470204761,1.15.0,2.3.1,3.8.3,1.21.6,1.3.5,0.24.2,test_internal,0.5335617173879192,0.7963323670614947,0.6929645913792496,332,0.0,221252786,0,onehot > ordinal
bd9065c4-97ea-444b-a909-9d95f19c5e95,2026-01-22T04:24:20Z,cassandra,onehot,221252786,993,332,59,100,100,128,0.2,0.001,24,100,765.4345648639282,3.7073837364274556,782.551470204761,1.15.0,2.3.1,3.8.3,1.21.6,1.3.5,0.24.2,karaf,0.29862632268246914,0.6113291945184784,0.5701980824455238,692,0.0,221252786,0,onehot > ordinal
bd9065c4-97ea-444b-a909-9d95f19c5e95,2026-01-22T04:24:20Z,cassandra,onehot,221252786,993,332,59,100,100,128,0.2,0.001,24,100,765.4345648639282,3.7073837364274556,782.551470204761,1.15.0,2.3.1,3.8.3,1.21.6,1.3.5,0.24.2,wicket,0.21985868354268967,0.5667836791082252,0.5644159292499421,473,3e-05,221252786,0,onehot > ordinal
